listing_date,year,mileage,transmission_type,color,avg_fuel_consumption,paint_changed,seller_type,price,heavy_damage
26 Eylül 2024,2017,125.000 km,Düz,Kırmızı,4 lt,Belirtilmemiş,Galeriden,725.000 TL,No
05 Ekim 2024,2014,370.000 km,Düz,Bordo,4 lt,Belirtilmemiş,Sahibinden,350.000 TL,No
05 Ekim 2024,2018,82.570 km,Yarı Otomatik,Mavi,"3,8 lt",Tamamı orjinal,Sahibinden,815.000 TL,No
05 Ekim 2024,2012,247.600 km,Düz,Kırmızı,"4,5 lt",4 boyalı,Sahibinden,435.000 TL,No
05 Ekim 2024,2017,62.000 km,Düz,Füme,4 lt,Tamamı orjinal,Galeriden,800.000 TL,No
05 Ekim 2024,2017,72.000 km,Düz,Kırmızı,4 lt,Tamamı orjinal,Galeriden,793.000 TL,No
04 Ekim 2024,2017,65.000 km,Düz,Kırmızı,4 lt,Tamamı orjinal,Galeriden,795.000 TL,No
04 Ekim 2024,2015,98.000 km,Düz,Füme,4 lt,Tamamı orjinal,Galeriden,657.500 TL,No
04 Ekim 2024,2016,102.500 km,Düz,Mavi (metalik),4 lt,Tamamı orjinal,Sahibinden,665.000 TL,No
04 Ekim 2024,2014,168.000 km,Düz,Gri,4 lt,Tamamı orjinal,Galeriden,598.000 TL,No
04 Ekim 2024,2013,170.000 km,Düz,Gri,5 lt,2 boyalı,Sahibinden,635.000 TL,No
04 Ekim 2024,2012,86.000 km,Düz,Gri,5 lt,Belirtilmemiş,Sahibinden,585.000 TL,No
04 Ekim 2024,2012,230.000 km,Düz,Füme,4 lt,Belirtilmemiş,Galeriden,379.950 TL,No
04 Ekim 2024,2013,111.500 km,Düz,Siyah,5 lt,"1 değişen, 2 boyalı",Sahibinden,580.000 TL,No
04 Ekim 2024,2015,125.000 km,Düz,Mavi,4 lt,2 boyalı,Galeriden,629.000 TL,No
04 Ekim 2024,2018,180.000 km,Yarı Otomatik,Kırmızı,"3,8 lt",Belirtilmemiş,Galeriden,680.000 TL,No
04 Ekim 2024,2015,64.000 km,Düz,Mavi (metalik),4 lt,"1 değişen, 2 boyalı",Galeriden,650.000 TL,No
03 Ekim 2024,2017,144.000 km,Yarı Otomatik,Kahverengi,"3,8 lt",Belirtilmemiş,Galeriden,748.500 TL,No
03 Ekim 2024,2014,56.000 km,Düz,Bordo,"4,5 lt",Tamamı orjinal,Galeriden,662.500 TL,No
03 Ekim 2024,2014,66.500 km,Düz,Gri (metalik),4 lt,Tamamı orjinal,Sahibinden,640.000 TL,No
03 Ekim 2024,2013,140.000 km,Düz,Mavi,5 lt,Belirtilmemiş,Sahibinden,530.000 TL,No
03 Ekim 2024,2014,278.000 km,Düz,Siyah,4 lt,Belirtilmemiş,Sahibinden,435.000 TL,No
03 Ekim 2024,2012,193.000 km,Düz,Kırmızı,4 lt,Tamamı orjinal,Sahibinden,510.000 TL,No
03 Ekim 2024,2016,86.000 km,Düz,Kırmızı,4 lt,1 değişen,Sahibinden,655.000 TL,No
03 Ekim 2024,2016,90.000 km,Düz,Gri (Gümüş),4 lt,1 boyalı,Sahibinden,650.000 TL,No
03 Ekim 2024,2013,165.000 km,Düz,Siyah,5 lt,"1 değişen, 1 boyalı",Sahibinden,570.000 TL,No
03 Ekim 2024,2018,65.600 km,Otomatik,Gri,,"2 değişen, 1 boyalı",Galeriden,660.000 TL,No
03 Ekim 2024,2016,89.000 km,Düz,Gri,4 lt,Tamamı orjinal,Galeriden,700.000 TL,No
03 Ekim 2024,2019,94.750 km,Düz,Mavi (metalik),4 lt,Belirtilmemiş,Galeriden,785.075 TL,No
03 Ekim 2024,2017,110.000 km,Düz,Gri,4 lt,Tamamı orjinal,Galeriden,719.000 TL,No
03 Ekim 2024,2015,119.000 km,Düz,Kırmızı,4 lt,Tamamı orjinal,Galeriden,655.000 TL,No
02 Ekim 2024,2016,121.500 km,Düz,Gri,4 lt,4 boyalı,Sahibinden,625.000 TL,No
02 Ekim 2024,2012,215.000 km,Düz,Füme,5 lt,"1 değişen, 4 boyalı",Sahibinden,450.000 TL,No
02 Ekim 2024,2016,117.000 km,Düz,Gri (metalik),4 lt,"1 değişen, 2 boyalı",Sahibinden,580.000 TL,No
02 Ekim 2024,2014,370.000 km,Düz,Kırmızı,4 lt,"1 değişen, 3 boyalı",Sahibinden,520.000 TL,No
02 Ekim 2024,2012,211.000 km,Düz,Füme,4 lt,"3 değişen, 2 boyalı",Sahibinden,500.000 TL,No
02 Ekim 2024,2012,220.000 km,Düz,Füme,5 lt,Tamamı orjinal,Sahibinden,515.000 TL,No
02 Ekim 2024,2015,112.000 km,Düz,Bordo,4 lt,Belirtilmemiş,Galeriden,655.000 TL,No
02 Ekim 2024,2016,140.360 km,Düz,Füme,4 lt,"1 değişen, 4 boyalı",Galeriden,575.000 TL,No
02 Ekim 2024,2016,127.000 km,Düz,Kırmızı,4 lt,Tamamı orjinal,Sahibinden,650.000 TL,No
02 Ekim 2024,2017,105.000 km,Düz,Siyah,4 lt,Tamamı orjinal,Galeriden,728.000 TL,No
02 Ekim 2024,2013,205.000 km,Düz,Bordo,5 lt,"2 değişen, 11 boyalı",Sahibinden,297.000 TL,No
02 Ekim 2024,2012,88.000 km,Düz,Kırmızı,5 lt,1 boyalı,Sahibinden,610.000 TL,No
02 Ekim 2024,2016,125.000 km,Düz,Siyah,4 lt,5 boyalı,Galeriden,585.000 TL,No
01 Ekim 2024,2013,227.000 km,Düz,Mavi (metalik),5 lt,"2 değişen, 4 boyalı",Sahibinden,488.000 TL,No
01 Ekim 2024,2017,164.000 km,Düz,Mavi,4 lt,"1 değişen, 3 boyalı",Galeriden,685.000 TL,No
01 Ekim 2024,2016,115.000 km,Düz,Kırmızı,4 lt,"1 değişen, 2 boyalı",Sahibinden,620.000 TL,No
01 Ekim 2024,2016,125.890 km,Düz,Bordo,4 lt,Tamamı boyalı,Galeriden,380.000 TL,No
01 Ekim 2024,2017,63.000 km,Yarı Otomatik,Füme,"3,8 lt",Belirtilmemiş,Sahibinden,800.000 TL,No
01 Ekim 2024,2014,110.000 km,Düz,Gri (Gümüş),4 lt,Belirtilmemiş,Galeriden,655.000 TL,No
01 Ekim 2024,2012,185.000 km,Düz,Gri,"4,5 lt",3 boyalı,Galeriden,439.750 TL,No
01 Ekim 2024,2018,119.000 km,Yarı Otomatik,Gri,"3,8 lt","1 değişen, 4 boyalı",Galeriden,465.000 TL,Evet
30 Eylül 2024,2013,205.000 km,Düz,Mavi,5 lt,"1 değişen, 1 boyalı",Sahibinden,520.000 TL,No
30 Eylül 2024,2017,69.000 km,Düz,Kahverengi,4 lt,Tamamı orjinal,Galeriden,667.750 TL,No
30 Eylül 2024,2017,88.000 km,Düz,Mavi,4 lt,"2 değişen, 2 boyalı",Sahibinden,710.000 TL,No
30 Eylül 2024,2013,240.000 km,Düz,Gri,5 lt,7 boyalı,Sahibinden,468.000 TL,No
30 Eylül 2024,2017,150.000 km,Düz,Mavi (metalik),4 lt,Tamamı orjinal,Sahibinden,660.000 TL,No
30 Eylül 2024,2015,66.400 km,Düz,Kırmızı,4 lt,"2 değişen, 3 boyalı",Galeriden,624.950 TL,No
30 Eylül 2024,2017,65.000 km,Yarı Otomatik,Lacivert,"3,8 lt",Tamamı orjinal,Sahibinden,741.000 TL,No
30 Eylül 2024,2015,170.000 km,Düz,Kırmızı,4 lt,3 boyalı,Galeriden,629.000 TL,No
30 Eylül 2024,2014,120.000 km,Düz,Bordo,4 lt,"1 değişen, 2 boyalı",Galeriden,625.000 TL,No
30 Eylül 2024,2016,176.527 km,Düz,Gri,4 lt,"2 değişen, 1 boyalı",Galeriden,638.500 TL,No
30 Eylül 2024,2016,62.000 km,Düz,Siyah,4 lt,Tamamı orjinal,Galeriden,695.000 TL,No
30 Eylül 2024,2016,137.000 km,Düz,Bordo,4 lt,Tamamı orjinal,Galeriden,679.000 TL,No
29 Eylül 2024,2013,164.000 km,Düz,Gri,,3 boyalı,Galeriden,560.000 TL,No
29 Eylül 2024,2017,166.000 km,Düz,Siyah,4 lt,Tamamı orjinal,Galeriden,645.000 TL,No
29 Eylül 2024,2014,101.000 km,Düz,Kırmızı,4 lt,Tamamı orjinal,Sahibinden,657.500 TL,No
29 Eylül 2024,2016,106.000 km,Düz,Gri (Gümüş),4 lt,1 boyalı,Sahibinden,675.000 TL,No
29 Eylül 2024,2012,311.548 km,Düz,Kırmızı,4 lt,Tamamı orjinal,Sahibinden,480.000 TL,No
29 Eylül 2024,2017,52.000 km,Düz,Beyaz,4 lt,Tamamı orjinal,Galeriden,775.000 TL,No
29 Eylül 2024,2017,80.000 km,Düz,Bordo,4 lt,Tamamı orjinal,Galeriden,765.000 TL,No
28 Eylül 2024,2016,30.000 km,Düz,Gri,4 lt,Tamamı orjinal,Galeriden,760.000 TL,No
28 Eylül 2024,2012,325.000 km,Düz,Bordo,4 lt,Belirtilmemiş,Sahibinden,480.000 TL,No
28 Eylül 2024,2017,64.000 km,Düz,Lacivert,4 lt,Belirtilmemiş,Sahibinden,760.000 TL,No
28 Eylül 2024,2016,132.500 km,Düz,Gri,4 lt,1 boyalı,Galeriden,665.000 TL,No
28 Eylül 2024,2015,115.000 km,Düz,Gri,4 lt,Tamamı orjinal,Galeriden,649.500 TL,No
28 Eylül 2024,2015,204.000 km,Düz,Mavi (metalik),4 lt,2 değişen,Galeriden,585.000 TL,No
27 Eylül 2024,2014,263.000 km,Düz,Mavi,5 lt,Belirtilmemiş,Galeriden,445.000 TL,No
27 Eylül 2024,2014,107.650 km,Düz,Gri,,4 boyalı,Sahibinden,620.000 TL,No
27 Eylül 2024,2011,125.000 km,Düz,Kırmızı,"4,5 lt",Tamamı orjinal,Sahibinden,560.000 TL,No
27 Eylül 2024,2012,130.000 km,Düz,Kırmızı,5 lt,1 değişen,Sahibinden,565.000 TL,No
27 Eylül 2024,2014,298.250 km,Düz,Kırmızı,4 lt,"1 değişen, 3 boyalı",Sahibinden,445.000 TL,No
27 Eylül 2024,2018,182.000 km,Yarı Otomatik,Beyaz,"3,8 lt",Tamamı orjinal,Sahibinden,700.000 TL,No
27 Eylül 2024,2016,146.500 km,Düz,Siyah,5 lt,2 boyalı,Sahibinden,620.000 TL,No
27 Eylül 2024,2016,154.035 km,Düz,Siyah,4 lt,Belirtilmemiş,Galeriden,550.000 TL,No
27 Eylül 2024,2017,72.000 km,Otomatik,Mavi,,2 boyalı,Galeriden,747.500 TL,No
27 Eylül 2024,2018,165.000 km,Düz,Gri,4 lt,2 boyalı,Galeriden,649.000 TL,No
26 Eylül 2024,2016,157.000 km,Yarı Otomatik,Beyaz,"3,8 lt",2 değişen,Galeriden,585.000 TL,No
26 Eylül 2024,2016,269.000 km,Yarı Otomatik,Kırmızı,"3,8 lt",2 boyalı,Sahibinden,605.000 TL,No
26 Eylül 2024,2015,180.000 km,Düz,Gri,5 lt,Tamamı orjinal,Sahibinden,570.000 TL,No
26 Eylül 2024,2017,57.000 km,Düz,Mavi (metalik),4 lt,Belirtilmemiş,Galeriden,700.000 TL,No
26 Eylül 2024,2011,199.850 km,Düz,Gri,"4,5 lt","1 değişen, 1 boyalı",Sahibinden,455.000 TL,No
26 Eylül 2024,2014,170.000 km,Düz,Gri,4 lt,Belirtilmemiş,Sahibinden,555.000 TL,No
26 Eylül 2024,2013,143.000 km,Düz,Gri (Gümüş),5 lt,"1 değişen, 4 boyalı",Sahibinden,590.000 TL,No
26 Eylül 2024,2016,138.000 km,Düz,Mavi (metalik),4 lt,Belirtilmemiş,Galeriden,602.500 TL,No
26 Eylül 2024,2015,217.000 km,Düz,Kırmızı,4 lt,"1 değişen, 3 boyalı",Galeriden,600.000 TL,No
26 Eylül 2024,2016,159.000 km,Düz,Kırmızı,4 lt,Belirtilmemiş,Galeriden,609.950 TL,No
25 Eylül 2024,2017,114.000 km,Düz,Bordo,4 lt,4 boyalı,Galeriden,645.000 TL,No
25 Eylül 2024,2016,210.000 km,Düz,Mavi,4 lt,Tamamı orjinal,Sahibinden,640.000 TL,No
25 Eylül 2024,2012,168.400 km,Düz,Füme,5 lt,4 boyalı,Sahibinden,530.000 TL,No
25 Eylül 2024,2017,49.000 km,Yarı Otomatik,Füme,"3,8 lt",Belirtilmemiş,Sahibinden,790.000 TL,No
25 Eylül 2024,2015,183.000 km,Düz,Bordo,4 lt,Belirtilmemiş,Sahibinden,640.000 TL,No
25 Eylül 2024,2012,145.000 km,Düz,Mavi,5 lt,Belirtilmemiş,Sahibinden,525.000 TL,No
25 Eylül 2024,2017,106.000 km,Yarı Otomatik,Kırmızı,"3,8 lt",Belirtilmemiş,Sahibinden,850.000 TL,No
25 Eylül 2024,2016,85.000 km,Düz,Siyah,4 lt,4 boyalı,Sahibinden,665.000 TL,No
25 Eylül 2024,2016,98.000 km,Otomatik,Siyah,,Tamamı orjinal,Galeriden,749.750 TL,No
25 Eylül 2024,2017,94.000 km,Otomatik,Lacivert,,Tamamı orjinal,Galeriden,789.750 TL,No
24 Eylül 2024,2017,117.000 km,Otomatik,Mavi,,Tamamı orjinal,Galeriden,725.000 TL,No
24 Eylül 2024,2015,261.000 km,Düz,Beyaz,4 lt,Tamamı orjinal,Sahibinden,685.000 TL,No
24 Eylül 2024,2012,137.000 km,Düz,Kırmızı,,1 değişen,Galeriden,549.500 TL,No
24 Eylül 2024,2012,150.000 km,Düz,Gri,5 lt,"1 değişen, 1 boyalı",Sahibinden,520.000 TL,No
24 Eylül 2024,2014,61.000 km,Düz,Kırmızı,4 lt,Belirtilmemiş,Galeriden,674.900 TL,No
24 Eylül 2024,2012,192.100 km,Düz,Füme,5 lt,2 boyalı,Sahibinden,550.000 TL,No
24 Eylül 2024,2016,147.000 km,Yarı Otomatik,Kırmızı,"3,8 lt","1 değişen, 2 boyalı",Sahibinden,635.000 TL,No
24 Eylül 2024,2016,130.000 km,Düz,Kırmızı,4 lt,Belirtilmemiş,Sahibinden,670.000 TL,No
24 Eylül 2024,2017,126.000 km,Düz,Lacivert,4 lt,Belirtilmemiş,Sahibinden,715.000 TL,No
24 Eylül 2024,2016,249.000 km,Düz,Mavi,4 lt,"1 değişen, 4 boyalı",Galeriden,499.000 TL,No
24 Eylül 2024,2018,35.000 km,Düz,Gri (metalik),4 lt,1 değişen,Sahibinden,800.000 TL,No
24 Eylül 2024,2012,235.000 km,Düz,Bordo,5 lt,Belirtilmemiş,Galeriden,525.000 TL,No
24 Eylül 2024,2016,78.000 km,Otomatik,Kırmızı,,2 boyalı,Galeriden,725.000 TL,No
23 Eylül 2024,2018,158.000 km,Otomatik,Siyah,,Tamamı orjinal,Galeriden,669.900 TL,No
23 Eylül 2024,2018,94.000 km,Otomatik,Bordo,,Belirtilmemiş,Sahibinden,850.000 TL,No
23 Eylül 2024,2014,279.500 km,Düz,Bordo,4 lt,Tamamı orjinal,Sahibinden,550.500 TL,No
23 Eylül 2024,2017,181.000 km,Düz,Kırmızı,4 lt,"2 değişen, 2 boyalı",Galeriden,529.900 TL,No
23 Eylül 2024,2016,290.000 km,Düz,Gri,4 lt,2 boyalı,Galeriden,579.000 TL,No
23 Eylül 2024,2015,96.200 km,Düz,Kırmızı,4 lt,3 boyalı,Sahibinden,670.000 TL,No
23 Eylül 2024,2017,152.000 km,Yarı Otomatik,Gri,"3,8 lt",2 boyalı,Sahibinden,664.000 TL,No
23 Eylül 2024,2012,217.000 km,Düz,Kırmızı,"4,5 lt",Tamamı orjinal,Sahibinden,540.000 TL,No
23 Eylül 2024,2018,228.000 km,Yarı Otomatik,Kırmızı,"3,8 lt",3 boyalı,Sahibinden,675.000 TL,No
23 Eylül 2024,2017,95.000 km,Düz,Mavi (metalik),4 lt,Tamamı orjinal,Galeriden,745.000 TL,No
22 Eylül 2024,2017,150.000 km,Yarı Otomatik,Lacivert,"3,8 lt",3 boyalı,Sahibinden,735.000 TL,No
22 Eylül 2024,2016,156.000 km,Düz,Mavi,4 lt,1 boyalı,Galeriden,598.750 TL,No
22 Eylül 2024,2017,75.000 km,Otomatik,Mavi,,2 boyalı,Galeriden,750.000 TL,No
21 Eylül 2024,2015,140.000 km,Düz,Gri (Gümüş),4 lt,"1 değişen, 2 boyalı",Sahibinden,600.000 TL,No
21 Eylül 2024,2017,92.000 km,Düz,Kahverengi,4 lt,Tamamı orjinal,Sahibinden,665.000 TL,No
21 Eylül 2024,2017,87.000 km,Düz,Lacivert,4 lt,1 boyalı,Sahibinden,755.000 TL,No
21 Eylül 2024,2015,255.000 km,Düz,Gri (metalik),4 lt,1 değişen,Sahibinden,530.000 TL,No
21 Eylül 2024,2017,104.000 km,Yarı Otomatik,Beyaz,"3,8 lt",2 değişen,Sahibinden,685.000 TL,No
21 Eylül 2024,2016,145.000 km,Düz,Mavi,4 lt,Belirtilmemiş,Sahibinden,655.000 TL,No
21 Eylül 2024,2020,80.000 km,Düz,Beyaz,,Belirtilmemiş,Sahibinden,610.000 TL,No
20 Eylül 2024,2014,202.000 km,Düz,Gri (Gümüş),,"1 değişen, 8 boyalı",Sahibinden,500.000 TL,No
20 Eylül 2024,2017,156.000 km,Düz,Kırmızı,4 lt,Tamamı orjinal,Sahibinden,675.000 TL,No
20 Eylül 2024,2015,122.500 km,Düz,Mavi (metalik),4 lt,Belirtilmemiş,Sahibinden,680.000 TL,No
20 Eylül 2024,2015,220.000 km,Düz,Gri (Gümüş),4 lt,5 boyalı,Sahibinden,560.000 TL,No
20 Eylül 2024,2015,72.000 km,Düz,Gri (metalik),4 lt,Belirtilmemiş,Sahibinden,665.500 TL,No
19 Eylül 2024,2012,179.000 km,Düz,Kırmızı,4 lt,Tamamı orjinal,Sahibinden,580.000 TL,No
19 Eylül 2024,2016,147.000 km,Yarı Otomatik,Mavi,"3,8 lt",Tamamı orjinal,Sahibinden,665.000 TL,No
19 Eylül 2024,2015,93.000 km,Düz,Kırmızı,4 lt,Belirtilmemiş,Sahibinden,590.000 TL,No
18 Eylül 2024,2017,104.250 km,Düz,Beyaz,4 lt,Tamamı orjinal,Sahibinden,695.000 TL,No
18 Eylül 2024,2017,133.500 km,Düz,Mavi (metalik),4 lt,Belirtilmemiş,Sahibinden,625.000 TL,No
18 Eylül 2024,2017,98.000 km,Yarı Otomatik,Mavi (metalik),"3,8 lt",Tamamı orjinal,Sahibinden,725.000 TL,No
18 Eylül 2024,2017,91.000 km,Yarı Otomatik,Kırmızı,"3,8 lt",2 boyalı,Sahibinden,736.000 TL,No
18 Eylül 2024,2017,139.000 km,Yarı Otomatik,Gri (metalik),"3,8 lt",Belirtilmemiş,Sahibinden,700.000 TL,No
18 Eylül 2024,2016,89.000 km,Yarı Otomatik,Kırmızı,"3,8 lt",Tamamı orjinal,Galeriden,740.000 TL,No
18 Eylül 2024,2017,69.970 km,Düz,Kırmızı,4 lt,Tamamı orjinal,Sahibinden,765.000 TL,No
18 Eylül 2024,2016,205.000 km,Düz,Siyah,4 lt,1 boyalı,Sahibinden,630.000 TL,No
18 Eylül 2024,2014,157.000 km,Düz,Siyah,4 lt,1 boyalı,Sahibinden,630.000 TL,No
18 Eylül 2024,2017,133.000 km,Düz,Lacivert,4 lt,1 değişen,Sahibinden,658.000 TL,No
18 Eylül 2024,2015,123.000 km,Düz,Kırmızı,4 lt,Tamamı orjinal,Galeriden,610.000 TL,No
17 Eylül 2024,2015,161.000 km,Düz,Gri (Gümüş),4 lt,Tamamı orjinal,Sahibinden,625.000 TL,No
17 Eylül 2024,2013,109.000 km,Düz,Bordo,4 lt,"1 değişen, 2 boyalı",Galeriden,610.000 TL,No
17 Eylül 2024,2013,94.000 km,Düz,Bordo,4 lt,Tamamı orjinal,Sahibinden,625.000 TL,No
17 Eylül 2024,2017,270.000 km,Düz,Bordo,4 lt,Belirtilmemiş,Sahibinden,565.000 TL,No
17 Eylül 2024,2015,395.000 km,Düz,Mavi,5 lt,4 boyalı,Sahibinden,450.000 TL,No
17 Eylül 2024,2017,102.000 km,Düz,Gri (Gümüş),4 lt,Belirtilmemiş,Sahibinden,715.000 TL,No
17 Eylül 2024,2016,91.000 km,Düz,Mavi (metalik),4 lt,Belirtilmemiş,Galeriden,630.000 TL,No
16 Eylül 2024,2015,161.000 km,Düz,Siyah,4 lt,"6 değişen, 2 boyalı",Sahibinden,500.000 TL,No
16 Eylül 2024,2013,198.000 km,Düz,Kırmızı,,1 değişen,Galeriden,595.000 TL,No
15 Eylül 2024,2016,151.000 km,Düz,Kırmızı,,Belirtilmemiş,Sahibinden,645.000 TL,No
15 Eylül 2024,2016,108.000 km,Düz,Füme,,Belirtilmemiş,Sahibinden,700.000 TL,No
14 Eylül 2024,2016,58.000 km,Düz,Kırmızı,4 lt,"1 değişen, 1 boyalı",Sahibinden,675.000 TL,No
14 Eylül 2024,2015,83.000 km,Düz,Gri,4 lt,Belirtilmemiş,Galeriden,665.000 TL,No
14 Eylül 2024,2015,78.471 km,Düz,Siyah,5 lt,"1 değişen, 3 boyalı",Galeriden,649.900 TL,No
13 Eylül 2024,2016,113.900 km,Düz,Siyah,,"1 değişen, 1 boyalı",Sahibinden,635.000 TL,No
13 Eylül 2024,2016,105.000 km,Düz,Mavi,,Tamamı orjinal,Sahibinden,645.000 TL,No
13 Eylül 2024,2016,138.000 km,Düz,Kırmızı,4 lt,Belirtilmemiş,Sahibinden,625.000 TL,No
13 Eylül 2024,2014,152.000 km,Düz,Bordo,,1 boyalı,Sahibinden,610.000 TL,No
13 Eylül 2024,2015,78.000 km,Düz,Mavi,,Belirtilmemiş,Galeriden,665.000 TL,No
12 Eylül 2024,2016,90.000 km,Düz,Siyah,,"3 değişen, 2 boyalı",Sahibinden,580.000 TL,No
12 Eylül 2024,2018,190.000 km,Düz,Beyaz,,Belirtilmemiş,Sahibinden,645.000 TL,No
12 Eylül 2024,2018,190.000 km,Düz,Beyaz,,Belirtilmemiş,Sahibinden,645.000 TL,No
12 Eylül 2024,2012,62.000 km,Düz,Kırmızı,4 lt,2 boyalı,Sahibinden,535.000 TL,No
12 Eylül 2024,2012,152.000 km,Düz,Kırmızı,5 lt,Tamamı orjinal,Galeriden,560.000 TL,No
11 Eylül 2024,2013,98.000 km,Düz,Siyah,4 lt,Tamamı orjinal,Sahibinden,620.000 TL,No
11 Eylül 2024,2015,76.000 km,Düz,Kırmızı,,Tamamı orjinal,Sahibinden,663.000 TL,No
11 Eylül 2024,2013,183.000 km,Düz,Mavi,,"1 değişen, 1 boyalı",Sahibinden,570.000 TL,No
11 Eylül 2024,2015,123.500 km,Düz,Mavi,"4,5 lt",2 boyalı,Sahibinden,635.000 TL,No
11 Eylül 2024,2015,192.000 km,Düz,Mavi (metalik),,5 boyalı,Galeriden,495.000 TL,No
11 Eylül 2024,2014,201.250 km,Düz,Mavi,,"2 değişen, 9 boyalı",Galeriden,500.000 TL,Evet
10 Eylül 2024,2016,155.000 km,Düz,Siyah,,Tamamı orjinal,Sahibinden,625.000 TL,No
10 Eylül 2024,2016,107.000 km,Düz,Mavi (metalik),4 lt,Belirtilmemiş,Sahibinden,640.000 TL,No
10 Eylül 2024,2012,252.000 km,Düz,Füme,"4,5 lt",6 boyalı,Sahibinden,429.000 TL,No
10 Eylül 2024,2017,73.000 km,Düz,Kırmızı,4 lt,"1 değişen, 1 boyalı",Sahibinden,610.000 TL,No
10 Eylül 2024,2016,27.000 km,Yarı Otomatik,Beyaz,"3,8 lt",1 değişen,Sahibinden,765.000 TL,No
10 Eylül 2024,2013,199.000 km,Düz,Kırmızı,,"3 değişen, 3 boyalı",Galeriden,484.750 TL,No
10 Eylül 2024,2015,156.000 km,Düz,Mavi (metalik),4 lt,Belirtilmemiş,Galeriden,590.000 TL,No
09 Eylül 2024,2017,100.000 km,Düz,Kırmızı,4 lt,2 boyalı,Sahibinden,735.000 TL,No
09 Eylül 2024,2016,53.508 km,Yarı Otomatik,Füme,"3,8 lt","1 değişen, 1 boyalı",Sahibinden,685.000 TL,No
09 Eylül 2024,2016,113.000 km,Düz,Siyah,4 lt,Tamamı orjinal,Sahibinden,605.000 TL,No
09 Eylül 2024,2013,140.000 km,Düz,Mavi,,Tamamı orjinal,Galeriden,627.500 TL,No
08 Eylül 2024,2016,168.000 km,Yarı Otomatik,Kırmızı,,2 boyalı,Sahibinden,635.000 TL,No
08 Eylül 2024,2014,200.000 km,Düz,Mavi,,"3 değişen, 1 boyalı",Sahibinden,525.000 TL,No
06 Eylül 2024,2012,178.000 km,Düz,Kırmızı,4 lt,Tamamı orjinal,Sahibinden,530.000 TL,No
06 Eylül 2024,2016,170.000 km,Yarı Otomatik,Füme,,Belirtilmemiş,Sahibinden,645.000 TL,No
06 Eylül 2024,2018,105.000 km,Yarı Otomatik,Mavi,,Belirtilmemiş,Sahibinden,775.000 TL,No
05 Eylül 2024,2014,184.500 km,Düz,Bordo,,"1 değişen, 4 boyalı",Sahibinden,539.000 TL,No
05 Eylül 2024,2016,188.000 km,Düz,Gri (Gümüş),4 lt,Belirtilmemiş,Sahibinden,479.000 TL,No
04 Eylül 2024,2016,100.000 km,Yarı Otomatik,Kahverengi,"3,8 lt",Belirtilmemiş,Sahibinden,735.000 TL,No
04 Eylül 2024,2017,120.000 km,Yarı Otomatik,Mavi,,"2 değişen, 2 boyalı",Sahibinden,650.000 TL,No
04 Eylül 2024,2015,118.000 km,Düz,Gri,4 lt,Belirtilmemiş,Galeriden,631.500 TL,No
03 Eylül 2024,2017,63.700 km,Yarı Otomatik,Gri,,Belirtilmemiş,Sahibinden,785.000 TL,No
02 Eylül 2024,2017,96.000 km,Düz,Mavi,,Tamamı orjinal,Sahibinden,740.000 TL,No
02 Eylül 2024,2017,567.000 km,Düz,Kırmızı,,"1 değişen, 2 boyalı",Sahibinden,440.000 TL,No
02 Eylül 2024,2018,30.000 km,Yarı Otomatik,Kırmızı,,1 boyalı,Sahibinden,825.000 TL,No
01 Eylül 2024,2018,130.000 km,Yarı Otomatik,Gri (Gümüş),,Tamamı orjinal,Sahibinden,750.000 TL,No
31 Ağustos 2024,2016,135.000 km,Düz,Mavi,,"2 değişen, 3 boyalı",Sahibinden,630.000 TL,No
30 Ağustos 2024,2017,183.000 km,Düz,Kırmızı,4 lt,Belirtilmemiş,Sahibinden,660.000 TL,No
29 Ağustos 2024,2013,261.000 km,Düz,Kırmızı,,Tamamı orjinal,Sahibinden,500.000 TL,No
29 Ağustos 2024,2013,140.000 km,Düz,Kırmızı,4 lt,"2 değişen, 4 boyalı",Sahibinden,490.000 TL,No
29 Ağustos 2024,2012,146.700 km,Düz,Füme,5 lt,1 değişen,Sahibinden,535.500 TL,No
29 Ağustos 2024,2012,133.900 km,Düz,Füme,5 lt,7 boyalı,Galeriden,555.000 TL,No
28 Ağustos 2024,2013,213.000 km,Düz,Beyaz,,Belirtilmemiş,Sahibinden,475.000 TL,No
28 Ağustos 2024,2014,166.000 km,Düz,Siyah,,"3 değişen, 3 boyalı",Sahibinden,540.000 TL,No
28 Ağustos 2024,2017,232.000 km,Düz,Siyah,,"1 değişen, 1 boyalı",Sahibinden,675.000 TL,No
27 Ağustos 2024,2016,113.500 km,Düz,Kırmızı,,Tamamı orjinal,Sahibinden,705.000 TL,No
27 Ağustos 2024,2014,84.000 km,Düz,Bordo,,Tamamı orjinal,Sahibinden,675.000 TL,No
27 Ağustos 2024,2017,110.000 km,Yarı Otomatik,Gri (Gümüş),,Tamamı orjinal,Sahibinden,710.000 TL,No
27 Ağustos 2024,2014,210.000 km,Düz,Beyaz,4 lt,"1 değişen, 2 boyalı",Sahibinden,440.000 TL,No
27 Ağustos 2024,2012,157.000 km,Düz,Gri,,Tamamı orjinal,Sahibinden,635.000 TL,No
26 Ağustos 2024,2016,235.000 km,Düz,Mavi (metalik),4 lt,Tamamı orjinal,Sahibinden,595.000 TL,No
26 Ağustos 2024,2012,210.000 km,Düz,Füme,5 lt,2 boyalı,Sahibinden,480.000 TL,No
26 Ağustos 2024,2010,144.750 km,Düz,Gri,"4,5 lt","1 değişen, 2 boyalı",Sahibinden,465.000 TL,No
26 Ağustos 2024,2015,108.000 km,Düz,Kırmızı,4 lt,Belirtilmemiş,Sahibinden,640.000 TL,No
26 Ağustos 2024,2019,20.670 km,Yarı Otomatik,Kahverengi,"3,8 lt",Tamamı orjinal,Sahibinden,840.000 TL,No
26 Ağustos 2024,2017,125.000 km,Düz,Gri (Gümüş),,"2 değişen, 2 boyalı",Sahibinden,650.000 TL,No
26 Ağustos 2024,2013,189.000 km,Düz,Siyah,,"2 değişen, 1 boyalı",Sahibinden,515.000 TL,No
25 Ağustos 2024,2015,194.000 km,Düz,Mavi,,"2 değişen, 8 boyalı",Sahibinden,470.000 TL,No
25 Ağustos 2024,2011,117.500 km,Düz,Gri,"4,5 lt",Tamamı orjinal,Sahibinden,530.000 TL,No
25 Ağustos 2024,2018,20.000 km,Düz,Mavi,,Tamamı orjinal,Sahibinden,795.000 TL,No
24 Ağustos 2024,2013,105.000 km,Düz,Gri (Gümüş),4 lt,1 değişen,Sahibinden,645.000 TL,No
24 Ağustos 2024,2017,185.000 km,Düz,Beyaz,,Tamamı orjinal,Sahibinden,640.000 TL,No
23 Ağustos 2024,2014,79.962 km,Düz,Gri,,"2 değişen, 2 boyalı",Sahibinden,615.000 TL,No
23 Ağustos 2024,2015,105.000 km,Düz,Kırmızı,,Tamamı orjinal,Sahibinden,650.000 TL,No
23 Ağustos 2024,2014,39.500 km,Düz,Siyah,,2 boyalı,Sahibinden,660.000 TL,No
22 Ağustos 2024,2011,223.000 km,Düz,Füme,,"1 değişen, 2 boyalı",Sahibinden,459.999 TL,No
22 Ağustos 2024,2017,141.000 km,Düz,Mavi,4 lt,Tamamı orjinal,Sahibinden,674.000 TL,No
22 Ağustos 2024,2012,246.000 km,Düz,Kırmızı,,"1 değişen, 1 boyalı",Sahibinden,470.000 TL,No
22 Ağustos 2024,2016,120.000 km,Yarı Otomatik,Gri,,"1 değişen, 5 boyalı",Sahibinden,530.000 TL,Evet
22 Ağustos 2024,2012,192.000 km,Düz,Mavi (metalik),,Tamamı orjinal,Sahibinden,540.000 TL,No
22 Ağustos 2024,2013,165.000 km,Düz,Mavi,,Tamamı orjinal,Sahibinden,570.000 TL,No
22 Ağustos 2024,2015,800.000 km,Düz,Mavi,,Tamamı boyalı,Sahibinden,365.000 TL,No
21 Ağustos 2024,2015,275.000 km,Düz,Gri,,2 boyalı,Sahibinden,535.000 TL,No
21 Ağustos 2024,2014,128.500 km,Düz,Mavi (metalik),4 lt,"1 değişen, 4 boyalı",Sahibinden,585.000 TL,No
21 Ağustos 2024,2015,166.000 km,Düz,Mavi,,Belirtilmemiş,Sahibinden,605.000 TL,No
21 Ağustos 2024,2014,195.000 km,Düz,Gri (metalik),,Tamamı orjinal,Sahibinden,625.000 TL,No
21 Ağustos 2024,2016,289.000 km,Düz,Siyah,,Belirtilmemiş,Sahibinden,550.000 TL,No
21 Ağustos 2024,2016,107.000 km,Düz,Gri (metalik),,Belirtilmemiş,Sahibinden,670.000 TL,No
21 Ağustos 2024,2016,142.000 km,Düz,Gri,,"2 değişen, 2 boyalı",Sahibinden,620.000 TL,No
20 Ağustos 2024,2017,58.000 km,Yarı Otomatik,Füme,,2 değişen,Sahibinden,720.000 TL,No
20 Ağustos 2024,2018,106.500 km,Düz,Gri (Gümüş),,Tamamı orjinal,Sahibinden,720.000 TL,No
20 Ağustos 2024,2018,72.000 km,Düz,Füme,,Belirtilmemiş,Sahibinden,680.000 TL,No
19 Ağustos 2024,2015,98.000 km,Düz,Siyah,,Belirtilmemiş,Sahibinden,570.000 TL,No
19 Ağustos 2024,2018,224.000 km,Düz,Beyaz,,"1 değişen, 1 boyalı",Sahibinden,595.000 TL,No
19 Ağustos 2024,2011,262.000 km,Düz,Gri (Gümüş),,Tamamı orjinal,Sahibinden,450.000 TL,No
19 Ağustos 2024,2011,183.000 km,Düz,Füme,"4,5 lt",2 boyalı,Sahibinden,493.000 TL,No
17 Ağustos 2024,2015,105.000 km,Düz,Siyah,,3 boyalı,Sahibinden,575.000 TL,No
16 Ağustos 2024,2012,139.000 km,Düz,Bordo,,Belirtilmemiş,Sahibinden,590.000 TL,No
16 Ağustos 2024,2014,157.000 km,Düz,Siyah,4 lt,2 değişen,Sahibinden,575.000 TL,No
15 Ağustos 2024,2016,101.000 km,Yarı Otomatik,Füme,,1 değişen,Sahibinden,698.000 TL,No
15 Ağustos 2024,2018,90.000 km,Düz,Füme,4 lt,1 değişen,Sahibinden,695.000 TL,No
15 Ağustos 2024,2016,135.000 km,Yarı Otomatik,Siyah,,Belirtilmemiş,Sahibinden,750.000 TL,No
15 Ağustos 2024,2016,89.300 km,Düz,Füme,,2 boyalı,Sahibinden,648.000 TL,No
15 Ağustos 2024,2011,117.000 km,Düz,Kırmızı,,"1 değişen, 2 boyalı",Sahibinden,520.000 TL,No
15 Ağustos 2024,2017,237.000 km,Düz,Siyah,,"2 değişen, 1 boyalı",Sahibinden,430.000 TL,No
15 Ağustos 2024,2012,199.000 km,Düz,Füme,"4,5 lt",12 boyalı,Sahibinden,380.000 TL,No
14 Ağustos 2024,2012,189.500 km,Düz,Gri (Gümüş),,"1 değişen, 3 boyalı",Sahibinden,530.000 TL,No
14 Ağustos 2024,2014,190.000 km,Düz,Mavi,,Belirtilmemiş,Sahibinden,370.000 TL,Evet
14 Ağustos 2024,2019,200.000 km,Düz,Beyaz,4 lt,1 değişen,Sahibinden,685.000 TL,No
13 Ağustos 2024,2012,165.000 km,Düz,Füme,5 lt,2 boyalı,Sahibinden,548.000 TL,No
13 Ağustos 2024,2015,142.000 km,Düz,Bordo,,Tamamı orjinal,Sahibinden,695.000 TL,No
13 Ağustos 2024,2017,147.500 km,Düz,Siyah,,3 boyalı,Sahibinden,725.000 TL,No
12 Ağustos 2024,2017,164.000 km,Düz,Kırmızı,,3 değişen,Sahibinden,480.000 TL,Evet
12 Ağustos 2024,2015,475.000 km,Düz,Kırmızı,4 lt,Tamamı boyalı,Sahibinden,405.000 TL,No
11 Ağustos 2024,2012,185.000 km,Düz,Füme,,"2 değişen, 1 boyalı",Sahibinden,530.000 TL,No
11 Ağustos 2024,2013,157.800 km,Düz,Kırmızı,5 lt,3 boyalı,Sahibinden,569.000 TL,No
09 Ağustos 2024,2016,99.000 km,Düz,Gri (Gümüş),,3 değişen,Sahibinden,585.000 TL,No
09 Ağustos 2024,2015,30.000 km,Düz,Mavi,,Tamamı orjinal,Sahibinden,675.000 TL,No
08 Ağustos 2024,2015,540.000 km,Düz,Siyah,,Belirtilmemiş,Sahibinden,370.000 TL,No
12 Ekim 2024,2017,38.000 km,Düz,Beyaz,4 lt,Tamamı orjinal,Sahibinden,850.000 TL,No
12 Ekim 2024,2017,144.000 km,Yarı Otomatik,Kahverengi,"3,8 lt",Belirtilmemiş,Galeriden,744.500 TL,No
12 Ekim 2024,2017,53.000 km,Yarı Otomatik,Beyaz,"3,8 lt",Tamamı orjinal,Sahibinden,802.000 TL,No
12 Ekim 2024,2017,111.000 km,Otomatik,Gri,,Tamamı orjinal,Galeriden,719.500 TL,No
12 Ekim 2024,2016,128.800 km,Düz,Füme,4 lt,1 boyalı,Sahibinden,650.000 TL,No
12 Ekim 2024,2017,45.000 km,Düz,Gri,4 lt,Tamamı orjinal,Galeriden,785.000 TL,No
12 Ekim 2024,2016,179.000 km,Düz,Gri (Gümüş),4 lt,1 boyalı,Sahibinden,615.000 TL,No
12 Ekim 2024,2016,235.000 km,Düz,Mavi,4 lt,"1 değişen, 2 boyalı",Sahibinden,582.000 TL,No
12 Ekim 2024,2016,170.000 km,Düz,Kırmızı,4 lt,Belirtilmemiş,Sahibinden,410.000 TL,No
12 Ekim 2024,2012,136.000 km,Düz,Kırmızı,5 lt,Belirtilmemiş,Sahibinden,595.000 TL,No
12 Ekim 2024,2016,95.300 km,Yarı Otomatik,Füme,"3,8 lt",2 değişen,Sahibinden,740.000 TL,No
11 Ekim 2024,2013,147.000 km,Düz,Bordo,5 lt,Tamamı orjinal,Sahibinden,584.000 TL,No
11 Ekim 2024,2014,197.000 km,Düz,Gri (Gümüş),4 lt,Tamamı boyalı,Sahibinden,328.500 TL,No
11 Ekim 2024,2013,174.000 km,Düz,Mavi,4 lt,"2 değişen, 4 boyalı",Sahibinden,510.000 TL,No
10 Ekim 2024,2012,134.000 km,Düz,Siyah,4 lt,Tamamı orjinal,Sahibinden,600.000 TL,No
10 Ekim 2024,2015,258.000 km,Düz,Gri,4 lt,"3 değişen, 1 boyalı",Sahibinden,489.999 TL,No
10 Ekim 2024,2016,272.000 km,Düz,Mavi,4 lt,2 boyalı,Galeriden,511.500 TL,No
10 Ekim 2024,2014,330.000 km,Düz,Gri (Gümüş),4 lt,Belirtilmemiş,Galeriden,375.000 TL,No
10 Ekim 2024,2013,216.000 km,Düz,Bordo,,1 boyalı,Galeriden,585.000 TL,No
10 Ekim 2024,2016,58.000 km,Düz,Gri,4 lt,2 boyalı,Sahibinden,660.000 TL,No
10 Ekim 2024,2015,218.000 km,Düz,Mavi,4 lt,Belirtilmemiş,Sahibinden,425.000 TL,No
10 Ekim 2024,2011,189.000 km,Düz,Bordo,"4,5 lt",Tamamı orjinal,Sahibinden,520.000 TL,No
10 Ekim 2024,2015,218.000 km,Düz,Kırmızı,4 lt,2 boyalı,Sahibinden,580.000 TL,No
10 Ekim 2024,2017,151.000 km,Yarı Otomatik,Beyaz,"3,8 lt",Belirtilmemiş,Sahibinden,730.000 TL,No
10 Ekim 2024,2016,145.000 km,Düz,Gri,4 lt,Tamamı boyalı,Sahibinden,410.000 TL,No
09 Ekim 2024,2017,165.000 km,Düz,Füme,4 lt,Tamamı orjinal,Galeriden,649.000 TL,No
09 Ekim 2024,2017,205.000 km,Düz,Mavi,4 lt,1 değişen,Galeriden,575.000 TL,No
09 Ekim 2024,2013,164.000 km,Düz,Gri,,3 boyalı,Galeriden,565.000 TL,No
09 Ekim 2024,2017,83.000 km,Düz,Beyaz,4 lt,1 değişen,Sahibinden,680.000 TL,No
09 Ekim 2024,2013,254.500 km,Düz,Kırmızı,5 lt,Belirtilmemiş,Sahibinden,490.000 TL,No
09 Ekim 2024,2015,193.500 km,Düz,Mavi,4 lt,1 değişen,Sahibinden,575.000 TL,No
09 Ekim 2024,2014,212.000 km,Düz,Siyah,4 lt,"1 değişen, 3 boyalı",Sahibinden,505.000 TL,No
09 Ekim 2024,2016,126.000 km,Düz,Kırmızı,4 lt,Belirtilmemiş,Sahibinden,625.000 TL,No
09 Ekim 2024,2016,120.250 km,Düz,Mavi (metalik),4 lt,Tamamı orjinal,Sahibinden,710.000 TL,No
09 Ekim 2024,2015,215.000 km,Düz,Siyah,4 lt,1 değişen,Sahibinden,590.000 TL,No
08 Ekim 2024,2015,125.000 km,Düz,Bordo,4 lt,Belirtilmemiş,Galeriden,685.000 TL,No
08 Ekim 2024,2016,90.000 km,Düz,Gri,4 lt,Belirtilmemiş,Sahibinden,680.000 TL,No
08 Ekim 2024,2012,133.000 km,Düz,Füme,5 lt,Tamamı orjinal,Sahibinden,575.000 TL,No
08 Ekim 2024,2012,114.000 km,Düz,Gri,5 lt,"2 değişen, 9 boyalı",Sahibinden,480.000 TL,No
08 Ekim 2024,2016,173.000 km,Yarı Otomatik,Bordo,"3,8 lt",1 değişen,Sahibinden,590.000 TL,No
08 Ekim 2024,2015,163.000 km,Düz,Füme,4 lt,Tamamı orjinal,Sahibinden,620.000 TL,No
07 Ekim 2024,2015,77.000 km,Düz,Gri (metalik),4 lt,Tamamı orjinal,Sahibinden,685.000 TL,No
07 Ekim 2024,2013,150.000 km,Düz,Mavi,,Tamamı orjinal,Galeriden,570.000 TL,No
07 Ekim 2024,2017,137.000 km,Otomatik,Siyah,,2 boyalı,Galeriden,689.000 TL,No
07 Ekim 2024,2015,164.000 km,Düz,Gri,4 lt,3 değişen,Sahibinden,570.000 TL,No
07 Ekim 2024,2016,137.000 km,Düz,Bordo,4 lt,Tamamı orjinal,Galeriden,679.500 TL,No
05 Ekim 2024,2015,116.000 km,Düz,Kırmızı,4 lt,"1 değişen, 3 boyalı",Galeriden,475.000 TL,No
05 Ekim 2024,2012,207.000 km,Düz,Kırmızı,,Tamamı orjinal,Galeriden,510.000 TL,No
05 Ekim 2024,2014,164.000 km,Düz,Gri (Gümüş),4 lt,"2 değişen, 5 boyalı",Sahibinden,565.000 TL,No
05 Ekim 2024,2018,66.000 km,Yarı Otomatik,Füme,"3,8 lt",1 değişen,Sahibinden,725.000 TL,No
12 Mayıs 2025,2016,114.500 km,Düz,Füme,4 lt,Tamamı orjinal,Galeriden,729.750 TL,No
16 Nisan 2025,2014,208.000 km,Düz,Kırmızı,4 lt,"1 değişen, 2 boyalı",Galeriden,587.500 TL,No
17 Mayıs 2025,2012,267.000 km,Düz,Kırmızı,5 lt,Tamamı orjinal,Sahibinden,505.000 TL,No
17 Mayıs 2025,2010,232.000 km,Düz,Füme,"4,5 lt",Belirtilmemiş,Sahibinden,449.000 TL,No
17 Mayıs 2025,2017,26.000 km,Düz,Gri,4 lt,"3 değişen, 1 boyalı",Sahibinden,800.000 TL,No
17 Mayıs 2025,2015,93.500 km,Düz,Mavi (metalik),4 lt,Belirtilmemiş,Sahibinden,775.000 TL,No
17 Mayıs 2025,2013,199.000 km,Düz,Kırmızı,,1 boyalı,Galeriden,599.997 TL,No
17 Mayıs 2025,2015,192.000 km,Düz,Bordo,4 lt,1 değişen,Galeriden,650.000 TL,No
17 Mayıs 2025,2013,163.213 km,Düz,Mavi,,Tamamı orjinal,Galeriden,664.000 TL,No
17 Mayıs 2025,2016,80.000 km,Düz,Gri,4 lt,1 boyalı,Galeriden,775.000 TL,No
17 Mayıs 2025,2015,69.000 km,Düz,Kırmızı,4 lt,"3 değişen, 8 boyalı",Galeriden,518.000 TL,No
17 Mayıs 2025,2016,135.000 km,Otomatik,Siyah,,2 boyalı,Galeriden,725.000 TL,No
17 Mayıs 2025,2013,318.000 km,Düz,Siyah,,"1 değişen, 1 boyalı",Galeriden,419.000 TL,No
17 Mayıs 2025,2016,237.000 km,Otomatik,Siyah,,Tamamı orjinal,Galeriden,620.000 TL,No
17 Mayıs 2025,2013,181.000 km,Düz,Kırmızı,,"2 değişen, 7 boyalı",Galeriden,420.000 TL,No
17 Mayıs 2025,2017,77.000 km,Otomatik,Kırmızı,,"1 değişen, 3 boyalı",Galeriden,848.800 TL,No
17 Mayıs 2025,2016,215.000 km,Düz,Füme,4 lt,2 boyalı,Galeriden,615.000 TL,No
17 Mayıs 2025,2016,220.000 km,Düz,Mavi,4 lt,2 değişen,Galeriden,579.900 TL,No
17 Mayıs 2025,2016,188.000 km,Düz,Mavi,4 lt,1 boyalı,Galeriden,659.000 TL,No
17 Mayıs 2025,2013,177.000 km,Düz,Siyah,,"1 değişen, 1 boyalı",Galeriden,467.500 TL,No
17 Mayıs 2025,2016,900.000 km,Düz,Sarı,4 lt,1 değişen,Sahibinden,380.000 TL,No
17 Mayıs 2025,2018,183.000 km,Otomatik,Bordo,,"1 değişen, 4 boyalı",Galeriden,615.000 TL,Evet
16 Mayıs 2025,2012,166.000 km,Düz,Mavi (metalik),4 lt,"3 değişen, 7 boyalı",Galeriden,567.500 TL,No
16 Mayıs 2025,2013,220.000 km,Düz,Siyah,4 lt,2 boyalı,Sahibinden,465.000 TL,No
16 Mayıs 2025,2015,110.000 km,Düz,Kırmızı,4 lt,2 boyalı,Sahibinden,700.000 TL,No
16 Mayıs 2025,2013,168.000 km,Düz,Kırmızı,5 lt,Belirtilmemiş,Sahibinden,670.000 TL,No
16 Mayıs 2025,2016,218.000 km,Düz,Füme,4 lt,Belirtilmemiş,Sahibinden,585.000 TL,No
16 Mayıs 2025,2012,198.000 km,Düz,Kahverengi,5 lt,"1 değişen, 3 boyalı",Sahibinden,530.000 TL,No
16 Mayıs 2025,2017,58.000 km,Düz,Siyah,4 lt,Belirtilmemiş,Sahibinden,805.000 TL,No
16 Mayıs 2025,2016,127.000 km,Düz,Mavi,4 lt,Belirtilmemiş,Sahibinden,638.000 TL,No
16 Mayıs 2025,2016,127.000 km,Düz,Mavi,4 lt,Belirtilmemiş,Sahibinden,638.000 TL,No
16 Mayıs 2025,2013,162.000 km,Düz,Kırmızı,4 lt,8 boyalı,Sahibinden,440.000 TL,Evet
16 Mayıs 2025,2015,154.000 km,Düz,Kırmızı,4 lt,"2 değişen, 1 boyalı",Sahibinden,635.000 TL,No
16 Mayıs 2025,2015,99.000 km,Düz,Bordo,4 lt,1 değişen,Sahibinden,639.000 TL,No
16 Mayıs 2025,2011,184.000 km,Düz,Füme,"4,5 lt",1 boyalı,Sahibinden,540.000 TL,No
16 Mayıs 2025,2010,195.700 km,Düz,Siyah,"4,5 lt",Belirtilmemiş,Sahibinden,465.000 TL,No
16 Mayıs 2025,2013,212.000 km,Düz,Mavi (metalik),5 lt,"2 değişen, 4 boyalı",Sahibinden,525.000 TL,No
16 Mayıs 2025,2017,89.000 km,Düz,Bordo,4 lt,Tamamı orjinal,Galeriden,825.000 TL,No
16 Mayıs 2025,2013,187.000 km,Düz,Mavi,4 lt,Tamamı orjinal,Galeriden,650.000 TL,No
15 Mayıs 2025,2017,210.000 km,Yarı Otomatik,Füme,"3,8 lt","2 değişen, 4 boyalı",Sahibinden,660.000 TL,Evet
15 Mayıs 2025,2015,125.456 km,Düz,Kırmızı,4 lt,Belirtilmemiş,Galeriden,690.000 TL,No
15 Mayıs 2025,2018,90.000 km,Yarı Otomatik,Lacivert,"3,8 lt",Tamamı orjinal,Sahibinden,840.000 TL,No
15 Mayıs 2025,2017,110.000 km,Düz,Kırmızı,4 lt,Belirtilmemiş,Sahibinden,785.000 TL,No
15 Mayıs 2025,2017,79.000 km,Otomatik,Füme,,Tamamı orjinal,Galeriden,855.000 TL,No
15 Mayıs 2025,2016,120.000 km,Düz,Gri,4 lt,1 değişen,Galeriden,700.000 TL,No
15 Mayıs 2025,2013,198.000 km,Düz,Siyah,,Tamamı orjinal,Galeriden,535.000 TL,No
15 Mayıs 2025,2016,165.000 km,Düz,Gri,4 lt,Tamamı orjinal,Sahibinden,745.000 TL,No
15 Mayıs 2025,2016,92.000 km,Düz,Gri (Gümüş),4 lt,Tamamı orjinal,Sahibinden,770.000 TL,No
15 Mayıs 2025,2017,79.000 km,Düz,Gri (Gümüş),4 lt,Tamamı orjinal,Sahibinden,833.500 TL,No
15 Mayıs 2025,2017,93.000 km,Düz,Mavi (metalik),4 lt,Tamamı orjinal,Sahibinden,875.000 TL,No
15 Mayıs 2025,2016,265.000 km,Yarı Otomatik,Beyaz,"3,8 lt",Tamamı orjinal,Sahibinden,605.000 TL,No
15 Mayıs 2025,2015,123.500 km,Düz,Siyah,4 lt,Tamamı orjinal,Sahibinden,760.000 TL,No
15 Mayıs 2025,2013,96.000 km,Düz,Kırmızı,4 lt,2 değişen,Sahibinden,620.000 TL,No
15 Mayıs 2025,2012,158.500 km,Düz,Füme,5 lt,1 boyalı,Sahibinden,570.000 TL,No
15 Mayıs 2025,2016,119.000 km,Düz,Gri,4 lt,"1 değişen, 1 boyalı",Galeriden,678.500 TL,No
15 Mayıs 2025,2014,140.000 km,Düz,Bordo,4 lt,Tamamı orjinal,Galeriden,665.000 TL,No
15 Mayıs 2025,2017,80.000 km,Düz,Gri,4 lt,Belirtilmemiş,Galeriden,755.000 TL,No
15 Mayıs 2025,2018,152.000 km,Düz,Lacivert,4 lt,Tamamı orjinal,Galeriden,785.000 TL,No
15 Mayıs 2025,2017,199.000 km,Düz,Kahverengi,4 lt,Tamamı orjinal,Galeriden,665.000 TL,No
15 Mayıs 2025,2016,98.500 km,Düz,Mavi,4 lt,Tamamı orjinal,Galeriden,758.000 TL,No
15 Mayıs 2025,2013,295.500 km,Düz,Kırmızı,,3 boyalı,Galeriden,505.000 TL,No
15 Mayıs 2025,2013,405.000 km,Düz,Bordo,4 lt,1 boyalı,Sahibinden,329.000 TL,No
14 Mayıs 2025,2015,204.000 km,Düz,Kırmızı,4 lt,2 boyalı,Galeriden,559.000 TL,No
14 Mayıs 2025,2016,96.000 km,Düz,Kırmızı,4 lt,Tamamı orjinal,Galeriden,760.000 TL,No
14 Mayıs 2025,2013,238.000 km,Düz,Mavi,,"1 değişen, 5 boyalı",Galeriden,539.500 TL,No
14 Mayıs 2025,2016,186.785 km,Düz,Mavi,4 lt,"2 değişen, 6 boyalı",Galeriden,615.000 TL,No
14 Mayıs 2025,2017,79.842 km,Düz,Mavi,4 lt,Tamamı orjinal,Galeriden,880.000 TL,No
14 Mayıs 2025,2015,176.000 km,Düz,Gri,4 lt,Tamamı orjinal,Galeriden,695.000 TL,No
14 Mayıs 2025,2016,96.000 km,Düz,Gri,4 lt,Tamamı orjinal,Galeriden,785.000 TL,No
14 Mayıs 2025,2018,185.000 km,Düz,Gri,4 lt,"2 değişen, 1 boyalı",Galeriden,675.000 TL,No
14 Mayıs 2025,2014,260.000 km,Düz,Kırmızı,4 lt,Tamamı orjinal,Galeriden,455.000 TL,No
14 Mayıs 2025,2017,126.000 km,Düz,Kırmızı,4 lt,Tamamı orjinal,Galeriden,811.750 TL,No
14 Mayıs 2025,2016,180.000 km,Düz,Gri,4 lt,Tamamı orjinal,Galeriden,460.000 TL,No
14 Mayıs 2025,2012,109.000 km,Düz,Kırmızı,,Tamamı orjinal,Galeriden,645.000 TL,No
14 Mayıs 2025,2017,119.000 km,Düz,Siyah,4 lt,Tamamı orjinal,Galeriden,799.900 TL,No
14 Mayıs 2025,2015,125.000 km,Düz,Mavi,,1 boyalı,Sahibinden,700.000 TL,No
14 Mayıs 2025,2017,84.688 km,Yarı Otomatik,Gri,"3,8 lt",3 boyalı,Sahibinden,830.000 TL,No
14 Mayıs 2025,2012,187.000 km,Düz,Mavi,5 lt,2 boyalı,Sahibinden,585.000 TL,No
14 Mayıs 2025,2015,240.000 km,Düz,Kırmızı,4 lt,"2 değişen, 1 boyalı",Sahibinden,555.000 TL,No
14 Mayıs 2025,2016,167.000 km,Düz,Gri (Gümüş),4 lt,Tamamı orjinal,Sahibinden,685.000 TL,No
14 Mayıs 2025,2012,150.000 km,Düz,Füme,5 lt,Tamamı orjinal,Sahibinden,575.000 TL,No
14 Mayıs 2025,2017,141.000 km,Düz,Mavi,4 lt,4 değişen,Sahibinden,600.000 TL,No
14 Mayıs 2025,2017,96.500 km,Düz,Gri (metalik),4 lt,3 boyalı,Sahibinden,850.000 TL,No
14 Mayıs 2025,2017,169.000 km,Düz,Beyaz,4 lt,Belirtilmemiş,Galeriden,745.000 TL,No
14 Mayıs 2025,2016,155.000 km,Düz,Füme,4 lt,"1 değişen, 2 boyalı",Sahibinden,655.000 TL,No
14 Mayıs 2025,2016,168.000 km,Düz,Siyah,4 lt,1 değişen,Sahibinden,685.000 TL,No
14 Mayıs 2025,2015,225.000 km,Düz,Gri (Gümüş),4 lt,Belirtilmemiş,Sahibinden,580.000 TL,No
14 Mayıs 2025,2012,370.000 km,Düz,Gri,"4,5 lt",Belirtilmemiş,Sahibinden,450.000 TL,No
14 Mayıs 2025,2013,105.000 km,Düz,Gri (Gümüş),4 lt,Tamamı orjinal,Sahibinden,700.000 TL,No
14 Mayıs 2025,2016,82.500 km,Yarı Otomatik,Siyah,"3,8 lt","1 değişen, 1 boyalı",Sahibinden,835.000 TL,No
14 Mayıs 2025,2017,170.000 km,Düz,Mavi,4 lt,2 boyalı,Galeriden,725.000 TL,No
14 Mayıs 2025,2014,146.000 km,Düz,Gri,4 lt,Tamamı orjinal,Galeriden,665.000 TL,No
14 Mayıs 2025,2012,142.000 km,Düz,Kırmızı,,2 boyalı,Galeriden,589.900 TL,No
14 Mayıs 2025,2016,60.000 km,Yarı Otomatik,Siyah,"3,8 lt",Tamamı orjinal,Sahibinden,850.000 TL,No
13 Mayıs 2025,2016,168.000 km,Düz,Beyaz,4 lt,Belirtilmemiş,Galeriden,763.000 TL,No
13 Mayıs 2025,2017,235.000 km,Düz,Füme,4 lt,Tamamı orjinal,Sahibinden,520.000 TL,No
13 Mayıs 2025,2012,223.000 km,Düz,Gri,4 lt,Belirtilmemiş,Sahibinden,480.000 TL,No
13 Mayıs 2025,2014,70.000 km,Düz,Bordo,4 lt,1 boyalı,Sahibinden,500.000 TL,No
13 Mayıs 2025,2014,98.850 km,Düz,Gri (Gümüş),4 lt,Belirtilmemiş,Sahibinden,695.000 TL,No
13 Mayıs 2025,2013,230.000 km,Düz,Mavi,5 lt,4 boyalı,Sahibinden,500.000 TL,Evet
13 Mayıs 2025,2011,146.000 km,Düz,Gri,"4,5 lt",1 değişen,Galeriden,565.000 TL,No
13 Mayıs 2025,2017,137.250 km,Düz,Kırmızı,4 lt,Tamamı orjinal,Galeriden,811.500 TL,No
12 Mayıs 2025,2012,335.000 km,Düz,Füme,5 lt,"1 değişen, 2 boyalı",Sahibinden,399.000 TL,No
12 Mayıs 2025,2019,414.000 km,Düz,Füme,4 lt,1 boyalı,Sahibinden,550.000 TL,No
12 Mayıs 2025,2017,144.000 km,Düz,Füme,4 lt,1 boyalı,Sahibinden,710.000 TL,No
12 Mayıs 2025,2014,152.000 km,Düz,Kırmızı,4 lt,Tamamı orjinal,Sahibinden,680.000 TL,No
12 Mayıs 2025,2012,148.000 km,Düz,Gri,,2 boyalı,Galeriden,555.000 TL,No
12 Mayıs 2025,2015,382.000 km,Düz,Gri,4 lt,2 boyalı,Galeriden,429.500 TL,No
12 Mayıs 2025,2018,289.000 km,Düz,Mavi,4 lt,"2 değişen, 4 boyalı",Galeriden,610.000 TL,No
12 Mayıs 2025,2013,144.500 km,Düz,Kırmızı,,Tamamı orjinal,Galeriden,662.500 TL,No
11 Mayıs 2025,2018,138.000 km,Otomatik,Gri,,Tamamı orjinal,Galeriden,795.000 TL,No
11 Mayıs 2025,2017,88.000 km,Otomatik,Mavi,,Tamamı orjinal,Galeriden,855.000 TL,No
11 Mayıs 2025,2013,218.000 km,Düz,Siyah,,1 boyalı,Galeriden,585.000 TL,No
11 Mayıs 2025,2013,191.000 km,Düz,Kırmızı,,Tamamı orjinal,Galeriden,638.000 TL,No
11 Mayıs 2025,2016,269.000 km,Düz,Gri,4 lt,Belirtilmemiş,Galeriden,700.000 TL,No
11 Mayıs 2025,2015,146.000 km,Düz,Kırmızı,4 lt,Tamamı orjinal,Galeriden,700.000 TL,No
